{
    "fromMe": [{
        "id": "0000",
        "details": [
            [
                "💐💐💐情人节快乐💐💐💐",
                "我的宝贝😘",
                "🌹🌹🌹送你花花🌹🌹🌹",
                "<pre>🍀🍀🍀🌹🍀🍀🍀🌹🍀🍀🍀 \n🍀🍀🌹🌹🌹🍀🌹🌹🌹🍀🍀 \n🍀🌹🌹🌹🌹🌹🌹🌹🌹🌹🍀 \n🍀🌹🌹🌹🌹🌹🌹🌹🌹🌹🍀 \n🌹🌹🌹🌹🌹🌹🌹🌹🌹🌹🌹 \n🍀🌹🌹🌹🌹🌹🌹🌹🌹🌹🍀 \n🍀🍀🌹🌹🌹🌹🌹🌹🌹🍀🍀 \n🍀🍀🍀🌹🌹🌹🌹🌹🍀🍀🍀 \n🍀🍀🍀🍀🍀🌹🍀🍀🍀🍀🍀</pre>",
                "已经28800秒钟没见你啦📅",
                "十分想念😘",
                "<img src='img/love-the-girl.jpg'>",
                "还记得昨天我给你讲的故事吗🤔",
                "结尾我改了一下",
                "最后小恶魔变成了一直小猫🐱陪在女王👑身边",
                "就像...",
                "这样",
                "<img src='img/guoguo&elfin.jpg'>",
                "跟你在一起的每一天📅",
                "都让我感到十分幸福📬",
                "<img src='img/lucky-me.jpg'>",
                "希望今年可以跟你去更多的地方🚂✈",
                "<img src='img/travel.jpg'>",
                "我们的脚印能一起出现🎠",
                "<img src='img/foot.jpg'>",
                "永远在一起的誓言💑",
                "我想再重复一遍😍",
                "<img src='img/marry-me.png'>",
                "我就最最最我呢了❤"
            ]
        ],
        "responses": [{
            "content": "我也最最最我呢了",
            "nextAuthor": ["0001"]
        }]
    }, {
        "id": "0001",
        "details": [
            [
                "<img src='img/kiss-my-princess.png'>",
                "宝贝我好开心呀😁",
                "今后每一天的相见😍",
                "你都是我的初恋😘",
                "给你的那些承诺😙",
                "我都会一一兑现😉"
            ]
        ]
    }],
    "fromUser": []
}